{"escena": {
    "width": 600,
    "figuras": [
        {"cercle": {
            "r": 70,
            "x": -50,
            "y": -50,
            "fill": "#209000"
        }},
        {"rectangle": {
            "x": 30,
            "width": 120,
            "y": 40,
            "fill": "#FF0000",
            "height": 250
        }},
        {"linia": {
            "x": 120,
            "y": 140,
            "y2": 30,
            "x2": 200,
            "stroke-width": 3,
            "stroke": "#209000"
        }}
    ],
    "height": 800
}}